id,name,city_zone,type,opened,daily_passengers,latitude,longitude,accessible,connected_to,edge_weight,edge_type
stn_001,North Station,zone_1,metro,1973-03-28,38910,44.80343,20.45342,0,stn_002;stn_011;stn_020,5,direct
stn_002,South Terminal,zone_2,tram,2008-06-30,31019,44.81333,20.45435,0,stn_003;stn_012;stn_098,19,direct
stn_003,East Stop,zone_3,bus_terminal,1961-09-06,10083,44.82266,20.45107,1,stn_004;stn_013;stn_046,12,transfer
stn_004,West Hub,zone_4,rail,1952-09-09,57368,44.83063,20.45342,0,stn_005;stn_011;stn_014,22,direct
stn_005,Central Junction,zone_1,light_rail,1974-09-30,20029,44.84042,20.45397,1,stn_006;stn_015;stn_034,19,transfer
stn_006,Old Depot,zone_2,metro,1990-06-20,58047,44.85475,20.45397,1,stn_007;stn_016;stn_137,24,transfer
stn_007,New Square,zone_3,tram,1981-11-30,31474,44.86243,20.45378,1,stn_008;stn_017;stn_052,5,express
stn_008,Upper Cross,zone_4,bus_terminal,2010-03-05,48536,44.87444,20.45319,0,stn_009;stn_018;stn_172,10,direct
stn_009,Lower End,zone_1,rail,1981-01-15,78745,44.88399,20.45493,1,stn_010;stn_019;stn_159,20,direct
stn_010,River Park,zone_2,light_rail,1999-09-21,80909,44.89374,20.45067,1,stn_011;stn_020;stn_120,19,express
stn_011,Park Station,zone_3,metro,1998-01-31,23951,44.90147,20.4509,1,stn_012;stn_021;stn_121,14,direct
stn_012,Market Terminal,zone_4,tram,1972-09-22,49442,44.9123,20.45303,1,stn_013;stn_022;stn_173,6,direct
stn_013,Harbor Stop,zone_1,bus_terminal,1961-09-25,76455,44.92245,20.45118,0,stn_014;stn_023;stn_066,20,express
stn_014,Airport Hub,zone_2,rail,1967-06-13,92753,44.93183,20.45037,1,stn_012;stn_015;stn_024,24,direct
stn_015,Stadium Junction,zone_3,light_rail,1984-12-17,1085,44.94359,20.45466,0,stn_016;stn_022;stn_025,10,express
stn_016,University Depot,zone_4,metro,1970-03-06,19378,44.95249,20.45349,1,stn_015;stn_017;stn_026,20,express
stn_017,Hill Square,zone_1,tram,2007-05-02,34052,44.9608,20.45207,1,stn_018;stn_027;stn_160,18,transfer
stn_018,Bridge Cross,zone_2,bus_terminal,2018-03-07,46752,44.97102,20.45427,1,stn_019;stn_028;stn_174,8,transfer
stn_019,Square End,zone_3,rail,1996-09-06,94714,44.98328,20.45451,0,stn_020;stn_029;stn_178,10,transfer
stn_020,Gate Park,zone_4,light_rail,2014-11-02,65856,44.99106,20.45309,0,stn_019;stn_021;stn_030,21,direct
stn_021,North Station,zone_1,metro,1982-03-29,77218,44.80364,20.46171,1,stn_022;stn_031;stn_174,13,direct
stn_022,South Terminal,zone_2,tram,1967-04-22,22359,44.81394,20.46278,0,stn_023;stn_032;stn_069,13,direct
stn_023,East Stop,zone_3,bus_terminal,1965-01-05,9862,44.82215,20.46298,0,stn_024;stn_033;stn_122,9,transfer
stn_024,West Hub,zone_4,rail,1989-06-09,45765,44.83323,20.46263,0,stn_025;stn_026;stn_034,9,direct
stn_025,Central Junction,zone_1,light_rail,1977-11-12,16727,44.84204,20.46453,0,stn_026;stn_035;stn_121,23,express
stn_026,Old Depot,zone_2,metro,1992-02-27,69222,44.85183,20.46417,0,stn_027;stn_036;stn_166,5,transfer
stn_027,New Square,zone_3,tram,1978-09-06,44676,44.86078,20.4628,1,stn_028;stn_037;stn_181,8,direct
stn_028,Upper Cross,zone_4,bus_terminal,1970-01-04,88552,44.87104,20.46399,1,stn_029;stn_038;stn_158,18,express
stn_029,Lower End,zone_1,rail,1994-12-25,94414,44.88455,20.46369,1,stn_030;stn_039;stn_089,22,direct
stn_030,River Park,zone_2,light_rail,1988-02-29,90459,44.89412,20.46108,1,stn_031;stn_040;stn_065,11,direct
stn_031,Park Station,zone_3,metro,2002-10-02,31702,44.90178,20.46122,1,stn_032;stn_041;stn_122,5,direct
stn_032,Market Terminal,zone_4,tram,1988-05-22,27518,44.9132,20.46213,1,stn_033;stn_042;stn_152,7,direct
stn_033,Harbor Stop,zone_1,bus_terminal,1985-09-03,61181,44.92043,20.46379,0,stn_007;stn_034;stn_043,16,direct
stn_034,Airport Hub,zone_2,rail,2008-08-12,40957,44.93095,20.4624,1,stn_035;stn_044;stn_200,12,express
stn_035,Stadium Junction,zone_3,light_rail,1979-11-12,8834,44.94145,20.46217,0,stn_036;stn_045;stn_151,4,express
stn_036,University Depot,zone_4,metro,1963-04-24,7694,44.95056,20.46412,0,stn_033;stn_037;stn_046,24,direct
stn_037,Hill Square,zone_1,tram,1977-08-18,40561,44.96302,20.46145,1,stn_038;stn_047;stn_084,25,express
stn_038,Bridge Cross,zone_2,bus_terminal,1961-07-05,13862,44.97181,20.46221,1,stn_039;stn_048;stn_133,14,transfer
stn_039,Square End,zone_3,rail,1953-11-28,46811,44.98268,20.46065,0,stn_040;stn_049;stn_075,20,direct
stn_040,Gate Park,zone_4,light_rail,1978-12-14,22641,44.99446,20.46273,0,stn_041;stn_045;stn_050,19,transfer
stn_041,North Station,zone_1,metro,1950-06-11,33321,44.80456,20.47341,0,stn_042;stn_051;stn_075,15,direct
stn_042,South Terminal,zone_2,tram,1992-12-19,49513,44.81035,20.47132,0,stn_043;stn_052;stn_099,19,direct
stn_043,East Stop,zone_3,bus_terminal,1954-03-19,94958,44.82119,20.47414,0,stn_044;stn_053;stn_065,11,transfer
stn_044,West Hub,zone_4,rail,1996-08-22,58541,44.83098,20.47197,0,stn_045;stn_054;stn_090,24,direct
stn_045,Central Junction,zone_1,light_rail,1999-01-31,7608,44.84058,20.47069,1,stn_046;stn_055;stn_108,17,direct
stn_046,Old Depot,zone_2,metro,1997-11-14,52776,44.8515,20.47481,1,stn_047;stn_056;stn_119,20,direct
stn_047,New Square,zone_3,tram,1973-05-24,12188,44.86186,20.47466,0,stn_048;stn_057;stn_137,6,transfer
stn_048,Upper Cross,zone_4,bus_terminal,2015-03-21,2842,44.87054,20.47358,0,stn_049;stn_058;stn_104,5,express
stn_049,Lower End,zone_1,rail,1979-12-07,83032,44.88212,20.47311,1,stn_044;stn_050;stn_059,4,direct
stn_050,River Park,zone_2,light_rail,2018-05-13,6146,44.89055,20.47154,1,stn_051;stn_056;stn_060,10,direct
stn_051,Park Station,zone_3,metro,1992-04-11,51930,44.90134,20.47392,1,stn_017;stn_052;stn_061,13,express
stn_052,Market Terminal,zone_4,tram,1976-12-30,1281,44.91263,20.47266,1,stn_044;stn_053;stn_062,17,transfer
stn_053,Harbor Stop,zone_1,bus_terminal,1979-10-13,30470,44.92469,20.47124,1,stn_054;stn_063;stn_199,11,direct
stn_054,Airport Hub,zone_2,rail,1987-05-03,21323,44.93497,20.47381,1,stn_055;stn_064;stn_120,12,express
stn_055,Stadium Junction,zone_3,light_rail,1986-09-17,35069,44.94078,20.47289,1,stn_056;stn_062;stn_065,18,direct
stn_056,University Depot,zone_4,metro,1967-05-25,50026,44.95357,20.47416,0,stn_057;stn_066;stn_133,23,express
stn_057,Hill Square,zone_1,tram,2001-05-26,5281,44.96241,20.4725,0,stn_058;stn_067;stn_110,13,express
stn_058,Bridge Cross,zone_2,bus_terminal,1959-03-26,1521,44.97294,20.47154,1,stn_039;stn_059;stn_068,5,transfer
stn_059,Square End,zone_3,rail,2001-03-30,69139,44.98362,20.47028,1,stn_060;stn_069;stn_163,23,direct
stn_060,Gate Park,zone_4,light_rail,1952-06-04,70482,44.99011,20.47431,0,stn_061;stn_070;stn_157,16,express
stn_061,North Station,zone_1,metro,1976-09-30,81990,44.80077,20.48027,1,stn_038;stn_062;stn_071,5,transfer
stn_062,South Terminal,zone_2,tram,2017-05-12,34539,44.81113,20.48011,0,stn_012;stn_063;stn_072,19,direct
stn_063,East Stop,zone_3,bus_terminal,1971-11-11,42261,44.82265,20.48005,1,stn_064;stn_073;stn_084,16,express
stn_064,West Hub,zone_4,rail,2018-03-01,45354,44.83326,20.48304,1,stn_037;stn_065;stn_074,17,transfer
stn_065,Central Junction,zone_1,light_rail,1971-02-14,67649,44.8437,20.4805,0,stn_066;stn_075;stn_165,25,express
stn_066,Old Depot,zone_2,metro,1991-11-17,46998,44.85416,20.48341,0,stn_067;stn_076;stn_087,23,direct
stn_067,New Square,zone_3,tram,2009-11-09,37959,44.86295,20.48129,0,stn_027;stn_068;stn_077,9,transfer
stn_068,Upper Cross,zone_4,bus_terminal,1961-03-31,24186,44.87298,20.48028,0,stn_069;stn_078;stn_178,3,transfer
stn_069,Lower End,zone_1,rail,2004-09-24,67850,44.88013,20.48231,1,stn_070;stn_079;stn_144,25,transfer
stn_070,River Park,zone_2,light_rail,1984-03-11,76567,44.89407,20.4825,1,stn_071;stn_080;stn_151,16,express
stn_071,Park Station,zone_3,metro,1956-01-18,59055,44.90264,20.4814,1,stn_072;stn_081;stn_182,11,direct
stn_072,Market Terminal,zone_4,tram,2010-04-26,17129,44.91456,20.48342,1,stn_073;stn_082;stn_131,10,express
stn_073,Harbor Stop,zone_1,bus_terminal,2002-01-11,10987,44.92383,20.48466,1,stn_074;stn_083;stn_116,25,direct
stn_074,Airport Hub,zone_2,rail,2020-05-14,4239,44.93493,20.48224,1,stn_075;stn_084;stn_087,11,transfer
stn_075,Stadium Junction,zone_3,light_rail,1993-03-12,74748,44.94447,20.4803,1,stn_076;stn_085;stn_132,6,transfer
stn_076,University Depot,zone_4,metro,1969-05-02,1222,44.95073,20.48162,1,stn_077;stn_086;stn_145,21,transfer
stn_077,Hill Square,zone_1,tram,1997-08-19,28029,44.96216,20.48281,0,stn_078;stn_087;stn_094,20,direct
stn_078,Bridge Cross,zone_2,bus_terminal,1968-04-15,83236,44.97487,20.48045,0,stn_001;stn_079;stn_088,2,transfer
stn_079,Square End,zone_3,rail,2008-11-10,17655,44.98478,20.48277,0,stn_054;stn_080;stn_089,18,direct
stn_080,Gate Park,zone_4,light_rail,1978-02-12,21654,44.99496,20.4808,0,stn_003;stn_081;stn_090,6,express
stn_081,North Station,zone_1,metro,1954-06-03,8083,44.80116,20.49283,0,stn_082;stn_091;stn_149,8,express
stn_082,South Terminal,zone_2,tram,2009-02-28,93705,44.81205,20.4904,1,stn_083;stn_092;stn_133,18,direct
stn_083,East Stop,zone_3,bus_terminal,1996-01-18,21120,44.82056,20.49174,0,stn_084;stn_093;stn_191,5,transfer
stn_084,West Hub,zone_4,rail,1996-07-18,69085,44.83389,20.49375,0,stn_085;stn_094;stn_108,21,express
stn_085,Central Junction,zone_1,light_rail,2013-05-07,56699,44.84152,20.49149,1,stn_086;stn_095;stn_129,8,express
stn_086,Old Depot,zone_2,metro,1975-04-06,76684,44.85358,20.49209,1,stn_077;stn_087;stn_096,4,express
stn_087,New Square,zone_3,tram,1975-02-19,94598,44.86106,20.4942,0,stn_088;stn_097;stn_100,17,transfer
stn_088,Upper Cross,zone_4,bus_terminal,1964-06-01,6965,44.87429,20.49483,1,stn_040;stn_089;stn_098,20,transfer
stn_089,Lower End,zone_1,rail,1963-06-02,29588,44.88312,20.4905,1,stn_065;stn_090;stn_099,6,transfer
stn_090,River Park,zone_2,light_rail,1989-08-11,79282,44.89052,20.49352,1,stn_091;stn_100;stn_132,14,express
stn_091,Park Station,zone_3,metro,1962-04-11,93846,44.90239,20.49239,1,stn_010;stn_092;stn_101,24,transfer
stn_092,Market Terminal,zone_4,tram,1961-03-16,1066,44.91356,20.49245,0,stn_014;stn_093;stn_102,11,direct
stn_093,Harbor Stop,zone_1,bus_terminal,2019-01-10,36036,44.92224,20.49211,0,stn_094;stn_103;stn_150,5,transfer
stn_094,Airport Hub,zone_2,rail,2013-05-10,959,44.93316,20.4907,1,stn_095;stn_104;stn_106,4,transfer
stn_095,Stadium Junction,zone_3,light_rail,1963-07-20,56973,44.94453,20.4901,1,stn_096;stn_105;stn_182,2,direct
stn_096,University Depot,zone_4,metro,1979-06-20,46541,44.95373,20.49053,0,stn_058;stn_097;stn_106,19,transfer
stn_097,Hill Square,zone_1,tram,2000-07-19,22995,44.96315,20.49472,1,stn_084;stn_098;stn_107,21,express
stn_098,Bridge Cross,zone_2,bus_terminal,2019-01-26,16946,44.97246,20.49276,0,stn_041;stn_099;stn_108,5,transfer
stn_099,Square End,zone_3,rail,2005-07-28,50145,44.984,20.49199,1,stn_029;stn_100;stn_109,8,express
stn_100,Gate Park,zone_4,light_rail,1980-07-09,57034,44.992,20.4904,0,stn_015;stn_101;stn_110,8,transfer
stn_101,North Station,zone_1,metro,1985-12-21,22882,44.80417,20.50297,0,stn_030;stn_102;stn_111,6,transfer
stn_102,South Terminal,zone_2,tram,2020-03-31,61271,44.8122,20.50268,1,stn_103;stn_112;stn_158,9,express
stn_103,East Stop,zone_3,bus_terminal,2016-09-18,19536,44.82445,20.50279,0,stn_104;stn_113;stn_186,7,direct
stn_104,West Hub,zone_4,rail,1952-05-30,32414,44.83486,20.50022,1,stn_105;stn_114;stn_122,17,direct
stn_105,Central Junction,zone_1,light_rail,1988-02-03,6386,44.84387,20.50095,1,stn_106;stn_115;stn_177,14,transfer
stn_106,Old Depot,zone_2,metro,1985-11-29,81522,44.8508,20.50386,1,stn_045;stn_107;stn_116,17,transfer
stn_107,New Square,zone_3,tram,2017-08-26,75189,44.86197,20.50195,0,stn_108;stn_117;stn_173,9,express
stn_108,Upper Cross,zone_4,bus_terminal,2022-01-09,87609,44.87368,20.50282,1,stn_033;stn_109;stn_118,9,direct
stn_109,Lower End,zone_1,rail,1968-05-10,5912,44.88019,20.50008,1,stn_106;stn_110;stn_119,10,express
stn_110,River Park,zone_2,light_rail,1986-01-27,66930,44.89066,20.5048,0,stn_041;stn_111;stn_120,7,direct
stn_111,Park Station,zone_3,metro,1994-03-03,64974,44.90293,20.50224,0,stn_110;stn_112;stn_121,23,direct
stn_112,Market Terminal,zone_4,tram,1955-05-18,93982,44.91399,20.5032,0,stn_113;stn_122;stn_148,6,transfer
stn_113,Harbor Stop,zone_1,bus_terminal,2014-11-30,15699,44.92014,20.50351,0,stn_067;stn_114;stn_123,20,express
stn_114,Airport Hub,zone_2,rail,1991-10-04,63744,44.93018,20.50414,0,stn_115;stn_124;stn_182,12,transfer
stn_115,Stadium Junction,zone_3,light_rail,1974-11-09,66260,44.94263,20.50074,0,stn_055;stn_116;stn_125,16,express
stn_116,University Depot,zone_4,metro,2021-03-16,3061,44.95089,20.50033,0,stn_117;stn_126;stn_177,25,express
stn_117,Hill Square,zone_1,tram,2012-05-19,63187,44.96481,20.50333,1,stn_118;stn_127;stn_191,18,direct
stn_118,Bridge Cross,zone_2,bus_terminal,1950-03-05,79934,44.97359,20.50034,0,stn_119;stn_128;stn_135,16,transfer
stn_119,Square End,zone_3,rail,1955-10-18,78808,44.98033,20.50263,0,stn_120;stn_129;stn_132,19,direct
stn_120,Gate Park,zone_4,light_rail,1967-03-24,74616,44.99457,20.50366,1,stn_121;stn_130;stn_200,6,transfer
stn_121,North Station,zone_1,metro,2006-01-23,27720,44.8036,20.51444,1,stn_122;stn_131;stn_168,11,express
stn_122,South Terminal,zone_2,tram,1962-10-20,59536,44.81314,20.51318,0,stn_002;stn_123;stn_132,19,direct
stn_123,East Stop,zone_3,bus_terminal,1962-07-20,32315,44.8229,20.51469,0,stn_012;stn_124;stn_133,4,direct
stn_124,West Hub,zone_4,rail,1995-03-16,57117,44.83256,20.51085,1,stn_106;stn_125;stn_134,18,direct
stn_125,Central Junction,zone_1,light_rail,1972-01-15,41277,44.84143,20.51386,0,stn_057;stn_126;stn_135,21,transfer
stn_126,Old Depot,zone_2,metro,1959-08-02,58790,44.85229,20.51357,0,stn_127;stn_136;stn_176,11,express
stn_127,New Square,zone_3,tram,1973-09-11,3467,44.8636,20.51232,0,stn_120;stn_128;stn_137,10,express
stn_128,Upper Cross,zone_4,bus_terminal,2000-04-01,36926,44.87303,20.51456,0,stn_129;stn_138;stn_183,11,express
stn_129,Lower End,zone_1,rail,2009-05-29,76844,44.88064,20.51165,1,stn_130;stn_139;stn_186,25,transfer
stn_130,River Park,zone_2,light_rail,1951-08-12,91512,44.892,20.5105,0,stn_062;stn_131;stn_140,18,transfer
stn_131,Park Station,zone_3,metro,1979-06-14,58745,44.90014,20.51423,0,stn_132;stn_141;stn_194,6,direct
stn_132,Market Terminal,zone_4,tram,1959-10-27,48622,44.91042,20.51382,0,stn_114;stn_133;stn_142,21,transfer
stn_133,Harbor Stop,zone_1,bus_terminal,2016-12-15,75436,44.92243,20.51286,0,stn_072;stn_134;stn_143,4,transfer
stn_134,Airport Hub,zone_2,rail,1991-11-10,67852,44.93358,20.51479,1,stn_135;stn_144;stn_170,19,transfer
stn_135,Stadium Junction,zone_3,light_rail,1999-08-13,46003,44.9404,20.51203,1,stn_136;stn_145,15,direct
stn_136,University Depot,zone_4,metro,1957-05-18,78830,44.95105,20.5117,0,stn_076;stn_137;stn_146,11,express
stn_137,Hill Square,zone_1,tram,2001-06-25,21049,44.96037,20.51292,1,stn_053;stn_138;stn_147,12,transfer
stn_138,Bridge Cross,zone_2,bus_terminal,1975-08-03,88417,44.97209,20.51099,0,stn_139;stn_148;stn_172,12,express
stn_139,Square End,zone_3,rail,1959-04-13,76569,44.98268,20.51151,0,stn_126;stn_140;stn_149,18,transfer
stn_140,Gate Park,zone_4,light_rail,1977-06-08,59938,44.99487,20.51236,0,stn_016;stn_141;stn_150,25,express
stn_141,North Station,zone_1,metro,1988-04-05,68998,44.80036,20.52306,0,stn_106;stn_142;stn_151,5,transfer
stn_142,South Terminal,zone_2,tram,2007-07-14,16809,44.81301,20.52345,1,stn_143;stn_152;stn_164,11,express
stn_143,East Stop,zone_3,bus_terminal,1950-12-17,40285,44.82473,20.5201,0,stn_144;stn_153;stn_184,22,express
stn_144,West Hub,zone_4,rail,1997-04-14,43886,44.83019,20.52146,1,stn_070;stn_145;stn_154,16,express
stn_145,Central Junction,zone_1,light_rail,1950-01-29,56267,44.84067,20.5248,0,stn_131;stn_146;stn_155,20,transfer
stn_146,Old Depot,zone_2,metro,1983-03-08,20931,44.85083,20.52182,1,stn_029;stn_147;stn_156,9,direct
stn_147,New Square,zone_3,tram,1972-04-19,40027,44.86433,20.52258,0,stn_148;stn_157;stn_171,21,express
stn_148,Upper Cross,zone_4,bus_terminal,1952-01-24,13443,44.87157,20.52084,0,stn_092;stn_149;stn_158,2,direct
stn_149,Lower End,zone_1,rail,1969-09-18,37680,44.88178,20.52447,1,stn_150;stn_159;stn_170,21,direct
stn_150,River Park,zone_2,light_rail,1996-08-02,83496,44.89143,20.52007,0,stn_083;stn_151;stn_160,10,express
stn_151,Park Station,zone_3,metro,2017-10-21,34670,44.90485,20.52033,0,stn_152;stn_161;stn_166,7,express
stn_152,Market Terminal,zone_4,tram,1962-05-30,14489,44.91208,20.52197,1,stn_116;stn_153;stn_162,6,direct
stn_153,Harbor Stop,zone_1,bus_terminal,1978-03-22,74217,44.92128,20.52346,1,stn_116;stn_154;stn_163,7,express
stn_154,Airport Hub,zone_2,rail,2008-04-08,30611,44.93432,20.52061,0,stn_061;stn_155;stn_164,4,direct
stn_155,Stadium Junction,zone_3,light_rail,1959-06-15,9539,44.94103,20.52167,0,stn_082;stn_156;stn_165,8,direct
stn_156,University Depot,zone_4,metro,2010-10-21,12735,44.95485,20.52173,0,stn_033;stn_157;stn_166,14,express
stn_157,Hill Square,zone_1,tram,1967-01-08,78435,44.96257,20.52062,1,stn_085;stn_158;stn_167,16,express
stn_158,Bridge Cross,zone_2,bus_terminal,1986-12-15,62024,44.97344,20.52194,0,stn_159;stn_168;stn_179,12,transfer
stn_159,Square End,zone_3,rail,1982-11-21,75184,44.98207,20.52089,1,stn_160;stn_169;stn_199,14,direct
stn_160,Gate Park,zone_4,light_rail,2020-02-19,91314,44.99188,20.52273,0,stn_059;stn_161;stn_170,8,transfer
stn_161,North Station,zone_1,metro,1955-12-04,47083,44.80328,20.53357,0,stn_162;stn_167;stn_171,14,express
stn_162,South Terminal,zone_2,tram,2006-02-11,44383,44.81178,20.5329,1,stn_068;stn_163;stn_172,7,express
stn_163,East Stop,zone_3,bus_terminal,2016-11-29,68504,44.82194,20.53079,0,stn_164;stn_173;stn_193,14,transfer
stn_164,West Hub,zone_4,rail,2014-08-20,52979,44.83406,20.5343,0,stn_050;stn_165;stn_174,22,direct
stn_165,Central Junction,zone_1,light_rail,2004-06-10,94969,44.84103,20.53334,1,stn_081;stn_166;stn_175,24,express
stn_166,Old Depot,zone_2,metro,1986-10-11,64917,44.85336,20.53433,1,stn_099;stn_167;stn_176,7,direct
stn_167,New Square,zone_3,tram,2000-10-24,10268,44.86431,20.53224,1,stn_046;stn_168;stn_177,13,express
stn_168,Upper Cross,zone_4,bus_terminal,1950-08-24,48852,44.87413,20.53412,1,stn_088;stn_169;stn_178,16,transfer
stn_169,Lower End,zone_1,rail,1974-08-29,24588,44.88187,20.53144,1,stn_137;stn_170;stn_179,21,transfer
stn_170,River Park,zone_2,light_rail,2019-02-19,35194,44.89411,20.53022,0,stn_088;stn_171;stn_180,18,express
stn_171,Park Station,zone_3,metro,2018-02-04,20063,44.90483,20.53377,1,stn_120;stn_172;stn_181,6,direct
stn_172,Market Terminal,zone_4,tram,1976-04-18,77729,44.91183,20.53239,0,stn_167;stn_173;stn_182,8,transfer
stn_173,Harbor Stop,zone_1,bus_terminal,2001-06-17,50592,44.92232,20.53176,1,stn_010;stn_174;stn_183,12,direct
stn_174,Airport Hub,zone_2,rail,1958-10-26,3374,44.93474,20.53483,0,stn_119;stn_175;stn_184,5,transfer
stn_175,Stadium Junction,zone_3,light_rail,2021-02-19,9958,44.94423,20.53005,0,stn_101;stn_176;stn_185,25,direct
stn_176,University Depot,zone_4,metro,1987-03-08,32005,44.95086,20.53102,0,stn_096;stn_177;stn_186,9,express
stn_177,Hill Square,zone_1,tram,2013-01-30,44201,44.96053,20.53396,0,stn_178;stn_181;stn_187,20,express
stn_178,Bridge Cross,zone_2,bus_terminal,1960-10-04,56232,44.97291,20.53449,0,stn_101;stn_179;stn_188,3,direct
stn_179,Square End,zone_3,rail,1990-01-15,39320,44.98032,20.53314,1,stn_145;stn_180;stn_189,8,express
stn_180,Gate Park,zone_4,light_rail,1972-11-24,27606,44.99452,20.5324,0,stn_031;stn_181;stn_190,10,direct
stn_181,North Station,zone_1,metro,1992-01-08,5624,44.80429,20.54366,1,stn_153;stn_182;stn_191,21,direct
stn_182,South Terminal,zone_2,tram,1965-03-14,48682,44.81249,20.54421,0,stn_126;stn_183;stn_192,20,transfer
stn_183,East Stop,zone_3,bus_terminal,2004-01-14,34843,44.82436,20.54264,1,stn_012;stn_184;stn_193,19,express
stn_184,West Hub,zone_4,rail,2015-08-22,42320,44.83428,20.54188,1,stn_031;stn_185;stn_194,7,express
stn_185,Central Junction,zone_1,light_rail,2006-09-12,73222,44.84016,20.54245,1,stn_025;stn_186;stn_195,25,transfer
stn_186,Old Depot,zone_2,metro,2022-04-26,71285,44.85428,20.5438,1,stn_135;stn_187;stn_196,17,transfer
stn_187,New Square,zone_3,tram,1980-12-16,56779,44.86307,20.54102,0,stn_142;stn_188;stn_197,12,transfer
stn_188,Upper Cross,zone_4,bus_terminal,2018-04-30,63697,44.87203,20.54444,0,stn_179;stn_189;stn_198,3,express
stn_189,Lower End,zone_1,rail,2017-07-02,93565,44.88166,20.54436,1,stn_128;stn_190;stn_199,21,transfer
stn_190,River Park,zone_2,light_rail,1956-11-03,81811,44.89212,20.54276,1,stn_025;stn_191;stn_200,5,express
stn_191,Park Station,zone_3,metro,2016-01-09,32350,44.90334,20.5434,0,stn_060;stn_192,23,direct
stn_192,Market Terminal,zone_4,tram,1999-08-29,58435,44.9101,20.54231,0,stn_012;stn_193,4,express
stn_193,Harbor Stop,zone_1,bus_terminal,1950-05-03,2365,44.92054,20.5445,0,stn_024;stn_194,3,transfer
stn_194,Airport Hub,zone_2,rail,1995-05-23,17256,44.93148,20.54149,1,stn_162;stn_195,20,express
stn_195,Stadium Junction,zone_3,light_rail,2012-01-03,59064,44.9405,20.54194,0,stn_117;stn_196,14,direct
stn_196,University Depot,zone_4,metro,1951-02-09,64472,44.95137,20.54317,1,stn_023;stn_197,3,express
stn_197,Hill Square,zone_1,tram,1996-10-15,24937,44.96071,20.54052,1,stn_118;stn_198,22,transfer
stn_198,Bridge Cross,zone_2,bus_terminal,1998-12-08,69805,44.97014,20.54135,0,stn_110;stn_199,14,transfer
stn_199,Square End,zone_3,rail,1974-12-03,42774,44.98317,20.54311,1,stn_139;stn_200,20,direct
stn_200,Gate Park,zone_4,light_rail,1970-05-14,28226,44.99142,20.54113,1,stn_071,11,transfer